{"cameraMode":{"drawMode":0,"name":"Shaded","section":"Shading Mode"},"sceneLighting":true,"audioPlay":false,"sceneViewState":{"showFog":true,"showMaterialUpdate":false,"showSkybox":true,"showFlares":true,"showImageEffects":true,"showParticleSystems":true},"in2DMode":false,"pivot":{"x":-11.594461441040039,"y":1.7573204040527344,"z":38.63410949707031},"rotation":{"x":-0.22218482196331025,"y":-0.563766360282898,"z":0.16077613830566407,"w":-0.7790908217430115},"size":30.976287841796876,"orthographic":false}