{"cameraMode":{"drawMode":0,"name":"Shaded","section":"Shading Mode"},"sceneLighting":true,"audioPlay":false,"sceneViewState":{"showFog":true,"showMaterialUpdate":true,"showSkybox":true,"showFlares":true,"showImageEffects":true,"showParticleSystems":true},"in2DMode":false,"pivot":{"x":0.7899999618530273,"y":1.0,"z":-2.640000104904175},"rotation":{"x":-0.044082142412662509,"y":-0.01319460291415453,"z":0.0005837368662469089,"w":-0.9989451169967651},"size":2.8578836917877199,"orthographic":true}