{"cameraMode":{"drawMode":0,"name":"Shaded","section":"Shading Mode"},"sceneLighting":true,"audioPlay":false,"sceneViewState":{"showFog":true,"showMaterialUpdate":true,"showSkybox":true,"showFlares":true,"showImageEffects":true,"showParticleSystems":true},"in2DMode":false,"pivot":{"x":0.3364102244377136,"y":0.8532971143722534,"z":-6.3430023193359379},"rotation":{"x":0.2016405165195465,"y":0.025574490427970887,"z":-0.005277054384350777,"w":0.9791229367256165},"size":1.5346510410308838,"orthographic":false}